Resamples:,0,1
ACSF1,0.9099999999999999,0.78
Adiac,0.8207902082902084,0.7850083475083475
ArrowHead,0.7471515814419835,0.7896271989791268
BME,0.94,0.94
Beef,0.7,0.7333333333333333
BeetleFly,0.95,0.9
BirdChicken,0.75,1.0
CBF,0.9713024282560706,0.9812288447387786
Car,0.8981347599768652,0.8482504337767496
ToeSegmentation1,0.9523148148148148,0.9513888888888888
ToeSegmentation2,0.9198113207547169,0.9441823899371069
Trace,1.0,1.0
TwoLeadECG,0.9991212653778558,0.9912280701754386
UWaveGestureLibraryZ,0.784822192664254,0.7603902475707375
Wafer,1.0,1.0
Wine,0.6296296296296297,0.9074074074074074
WordSynonyms,0.4875420414105425,0.4607434574754688
Worms,0.6633566433566433,0.6662354312354313
WormsTwoClass,0.8257575757575757,0.8068181818181819
Yoga,0.8772587714106134,0.8570365383678996
