Resamples:,0,1
ACSF1,0.8899999999999999,0.76
Adiac,0.8093344343344343,0.7879691254691255
ArrowHead,0.7848874304985872,0.8147844316835293
BME,0.9266666666666666,0.8799999999999999
Beef,0.7333333333333334,0.7
BeetleFly,0.9,0.95
BirdChicken,0.8,1.0
CBF,0.967991169977925,0.9779175864606328
Car,0.8451417004048583,0.8853383458646616
ToeSegmentation1,0.9523148148148148,0.9513888888888888
ToeSegmentation2,0.8706761006289309,0.9602987421383649
Trace,1.0,1.0
TwoLeadECG,0.9973668794129436,0.987719298245614
UWaveGestureLibraryZ,0.7862064061656524,0.7627882108662065
Wafer,1.0,1.0
Wine,0.7222222222222222,0.9074074074074074
WordSynonyms,0.47678351379176076,0.45690369025954064
Worms,0.6325874125874126,0.7016200466200466
WormsTwoClass,0.821969696969697,0.8068181818181819
Yoga,0.8690735658915074,0.8625883439778679
