Quality Measure,Percentage Decrease (5000 vs 10000),Percentage Increase (15000 vs 10000)
Wasserstein(Gauss),-27.290282895887800,15.617399253963000
F-Statistics,-24.620676306291300,21.113494299775400
Kolmogarov,-22.56056505934080,27.16023540407950
Moods Median,-23.661131762113500,22.133759648486200
Information Gain (No Early Abandon),-32.06588736627120,24.190297226970000
Information Gain,-40.88625311087950,28.69659479163290
Kruskal Wallis,-32.33113200844170,28.775797076123300
Average Runtime - Percentage Change,-29.0594183584608,23.9553682430043