,Quality Measure,Average RunTime(10000 shapelets),Average Runtime (5000 shapelets),Average Runtime (15000 shapelets),Percentage Increase (15000 vs 10000),Percentage Decrease (5000 vs 10000)
,Wasserstein(Gauss),177.203,128.8438,204.8775,15.617399253963000,-27.290282895887800
,F-Statistics,184.4401,139.0297,223.38185,21.113494299775400,-24.620676306291300
,Kolmogarov,178.6715,138.3622,227.1991,27.16023540407950,-22.56056505934080
,Moods Median,191.173125,145.9394,233.486925,22.133759648486200,-23.661131762113500
,Information Gain (No Early Abandon),240.1128,163.1185,298.1968,24.190297226970000,-32.06588736627120
,Information Gain,234.4996,138.6215,301.793,28.69659479163290,-40.88625311087950
,Kruskal Wallis,260.3735,176.1918,335.29805,28.775797076123300,-32.33113200844170
,Average Runtime Percentage Change,,,,23.9553682430043,-29.0594183584608