Resamples:,0,1
ACSF1,0.87,0.79
Adiac,0.7902813299232737,0.7595907928388747
ArrowHead,0.7371428571428571,0.76
BME,0.9666666666666667,0.9333333333333333
Beef,0.7333333333333333,0.5
BeetleFly,0.95,0.9
BirdChicken,0.6,0.8
CBF,0.9466666666666667,0.9511111111111111
Car,0.85,0.7166666666666667
ToeSegmentation1,0.9342105263157895,0.9122807017543859
ToeSegmentation2,0.8076923076923077,0.9384615384615385
Trace,0.98,1.0
TwoLeadECG,0.9622475856014048,0.8718173836698858
UWaveGestureLibraryZ,0.7705192629815746,0.7434394193188163
Wafer,1.0,1.0
Wine,0.7592592592592593,0.8703703703703703
WordSynonyms,0.6426332288401254,0.6489028213166145
Worms,0.7272727272727273,0.6883116883116883
WormsTwoClass,0.8441558441558441,0.8051948051948052
Yoga,0.8433333333333334,0.8356666666666667
