Resamples:,0,1
ACSF1,0.87,0.8
Adiac,0.7877237851662404,0.7723785166240409
ArrowHead,0.7371428571428571,0.7657142857142857
BME,0.9666666666666667,0.94
Beef,0.7,0.4666666666666667
BeetleFly,0.85,0.95
BirdChicken,0.65,0.85
CBF,0.9266666666666666,0.9533333333333334
Car,0.8666666666666667,0.7666666666666667
ToeSegmentation1,0.9166666666666666,0.9122807017543859
ToeSegmentation2,0.8076923076923077,0.9076923076923077
Trace,0.98,1.0
TwoLeadECG,0.971027216856892,0.8700614574187884
UWaveGestureLibraryZ,0.7663316582914573,0.7448352875488554
Wafer,1.0,1.0
Wine,0.7592592592592593,0.8888888888888888
WordSynonyms,0.6504702194357367,0.6520376175548589
Worms,0.7012987012987013,0.7402597402597403
WormsTwoClass,0.7922077922077922,0.8051948051948052
Yoga,0.8553333333333333,0.8326666666666667
