Resamples:,0,1
ACSF1,0.9,0.81
Adiac,0.7877237851662404,0.7928388746803069
ArrowHead,0.7657142857142857,0.8057142857142857
BME,0.9266666666666666,0.9466666666666667
Beef,0.7333333333333333,0.6666666666666666
BeetleFly,0.9,0.85
BirdChicken,0.8,1.0
CBF,0.96,0.9755555555555555
Car,0.8833333333333333,0.9166666666666666
ToeSegmentation1,0.9605263157894737,0.9473684210526315
ToeSegmentation2,0.8,0.9384615384615385
Trace,1.0,1.0
TwoLeadECG,0.9982440737489026,0.9587357330992098
UWaveGestureLibraryZ,0.7766610831937465,0.7546063651591289
Wafer,1.0,1.0
Wine,0.7037037037037037,0.9074074074074074
WordSynonyms,0.6504702194357367,0.6504702194357367
Worms,0.6883116883116883,0.7532467532467533
WormsTwoClass,0.7922077922077922,0.8051948051948052
Yoga,0.8756666666666667,0.854
