Resamples:,0,1
ACSF1,0.9199999999999999,0.7999999999999999
Adiac,0.8048097548097548,0.7763469263469264
ArrowHead,0.787257314738857,0.794458116853523
BME,0.9266666666666666,0.9466666666666667
Beef,0.8,0.5999999999999999
BeetleFly,0.9,0.95
BirdChicken,0.75,0.95
CBF,0.9569242089771892,0.9801324503311258
Car,0.8896761133603239,0.9116541353383458
ToeSegmentation1,0.9523148148148148,0.9467592592592593
ToeSegmentation2,0.8753930817610063,0.9716981132075472
Trace,1.0,1.0
TwoLeadECG,1.0,0.9640335460796103
UWaveGestureLibraryZ,0.7843307567782067,0.7625125119515431
Wafer,1.0,1.0
Wine,0.7222222222222222,0.8888888888888888
WordSynonyms,0.4957956193066153,0.46490999681847867
Worms,0.6172027972027972,0.6555594405594405
WormsTwoClass,0.7954545454545454,0.7954545454545454
Yoga,0.8545230821187455,0.8488991316257704
