Resamples:,0,1
ACSF1,0.9400000000000001,0.78
Adiac,0.7769476394476393,0.7588391338391337
ArrowHead,0.7534408896180841,0.7562665208276366
BME,0.9666666666666667,0.9333333333333332
Beef,0.7,0.4333333333333333
BeetleFly,0.9,0.95
BirdChicken,0.6,0.8
CBF,0.9326267340276851,0.9634877599498249
Car,0.865746096009254,0.6820416425679584
ToeSegmentation1,0.9444444444444444,0.9060185185185186
ToeSegmentation2,0.8820754716981132,0.8977987421383649
Trace,0.955827067669173,1.0
TwoLeadECG,0.9684118027934511,0.9104631085622668
UWaveGestureLibraryZ,0.7619822206188054,0.7439105395140744
Wafer,1.0,1.0
Wine,0.8333333333333333,0.9074074074074074
WordSynonyms,0.4908216179038214,0.482505325466439
Worms,0.6125874125874126,0.6494988344988345
WormsTwoClass,0.7992424242424243,0.7916666666666667
Yoga,0.846795985438795,0.8147991714283034
