Resamples:,0,1
ACSF1,0.9199999999999999,0.8
Adiac,0.8085615585615585,0.792540905040905
ArrowHead,0.779509616261052,0.7785069729286299
BME,0.9333333333333332,0.94
Beef,0.7666666666666667,0.5666666666666667
BeetleFly,0.95,0.95
BirdChicken,0.8500000000000001,1.0
CBF,0.9624724061810155,0.976813833701251
Car,0.9305234239444766,0.8600347021399654
ToeSegmentation1,0.9583333333333333,0.9513888888888888
ToeSegmentation2,0.8801100628930818,0.9139150943396226
Trace,1.0,1.0
TwoLeadECG,1.0,0.9710526315789474
UWaveGestureLibraryZ,0.7822752355758722,0.7596394657768248
Wafer,1.0,1.0
Wine,0.7592592592592593,0.8888888888888888
WordSynonyms,0.45382196158407856,0.43484750330568095
Worms,0.6494172494172494,0.6541142191142192
WormsTwoClass,0.8181818181818181,0.7916666666666667
Yoga,0.8750799066002963,0.8529439356083466
