Resamples:,0,1
ACSF1,0.9200000000000002,0.8
Adiac,0.7783425658425659,0.7826759576759575
ArrowHead,0.753440889618084,0.7388569866010392
BME,0.9466666666666667,0.9266666666666666
Beef,0.6666666666666667,0.5333333333333332
BeetleFly,0.9,0.95
BirdChicken,0.75,1.0
CBF,0.9557983811626195,0.9645989698307579
Car,0.9220647773279352,0.924812030075188
ToeSegmentation1,0.9398148148148148,0.9513888888888888
ToeSegmentation2,0.9056603773584906,0.9650157232704403
Trace,1.0,1.0
TwoLeadECG,0.9991228070175439,0.9798245614035088
UWaveGestureLibraryZ,0.7837172792616423,0.7636640318864238
Wafer,1.0,1.0
Wine,0.8148148148148148,0.8888888888888888
WordSynonyms,0.4270971929479723,0.39630214812351566
Worms,0.6726806526806527,0.6601748251748253
WormsTwoClass,0.7765151515151515,0.821969696969697
Yoga,0.8611760464693456,0.8494258116075979
