Resamples:,0,1
ACSF1,0.93,0.78
Adiac,0.8005115089514067,0.7851662404092071
ArrowHead,0.7771428571428571,0.7942857142857143
BME,0.9266666666666666,0.96
Beef,0.7666666666666667,0.5666666666666667
BeetleFly,0.85,0.9
BirdChicken,0.7,0.95
CBF,0.9577777777777777,0.9844444444444445
Car,0.8833333333333333,0.9
ToeSegmentation1,0.9605263157894737,0.9473684210526315
ToeSegmentation2,0.8,0.9384615384615385
Trace,1.0,1.0
TwoLeadECG,1.0,0.9719051799824407
UWaveGestureLibraryZ,0.7788944723618091,0.7565605806811837
Wafer,1.0,1.0
Wine,0.7222222222222222,0.8888888888888888
WordSynonyms,0.6536050156739812,0.6473354231974922
Worms,0.7272727272727273,0.7402597402597403
WormsTwoClass,0.8051948051948052,0.7922077922077922
Yoga,0.8566666666666667,0.8516666666666667
