Resamples:,0,1
ACSF1,0.9,0.8
Adiac,0.8081841432225064,0.7928388746803069
ArrowHead,0.7542857142857143,0.7885714285714286
BME,0.9333333333333333,0.94
Beef,0.7333333333333333,0.5666666666666667
BeetleFly,0.95,0.95
BirdChicken,0.85,1.0
CBF,0.9588888888888889,0.98
Car,0.9,0.85
ToeSegmentation1,0.9385964912280702,0.9517543859649122
ToeSegmentation2,0.8538461538461538,0.9538461538461539
Trace,1.0,1.0
TwoLeadECG,1.0,0.974539069359087
UWaveGestureLibraryZ,0.7841987716359575,0.760748185371301
Wafer,1.0,1.0
Wine,0.8518518518518519,0.8888888888888888
WordSynonyms,0.6598746081504702,0.664576802507837
Worms,0.7142857142857143,0.7142857142857143
WormsTwoClass,0.8441558441558441,0.8181818181818182
Yoga,0.871,0.8643333333333333
